4.185,3.646,3.568,3.905,3.603,3.578,3.691,3.883,3.579,3.586,3.629,3.616,3.473,3.838,3.479,4.311,3.834,4.093,3.588,3.462,3.415,3.483,3.457,3.518,3.536,3.559,3.566,3.563,3.617,3.604,3.643,3.611,3.63,3.603,3.615,3.609,3.596,3.608,3.598,3.633,3.573,4.439,4.197,3.511,3.503,3.509,3.512,3.513
3.877,3.597,3.193,4.003,3.261,3.918,3.589,3.852,3.575,3.494,3.578,3.493,3.472,4.166,2.977,4.542,3.726,4.336,3.639,3.377,3.612,3.726,3.41,3.607,3.716,3.758,2.669,3.62,3.519,3.612,3.574,4.188,3.716,3.883,3.911,4.034,3.521,3.631,2.927,3.806,3.662,4.655,4.028,3.898,3.903,2.824,3.702,3.85
3.517,3.07,3.816,3.91,3.552,3.486,4.076,3.461,3.769,2.944,2.97,3.928,3.57,3.862,3.783,4.536,3.753,4.878,3.657,3.973,3.398,3.461,3.151,3.13,3.68,3.588,3.689,3.539,3.219,3.973,3.66,3.404,3.148,3.4,3.839,3.522,3.548,3.462,3.881,3.449,3.609,4.136,4.838,3.448,3.551,3.655,3.337,3.029
4.242,3.679,3.097,4.069,3.354,3.508,3.516,4.227,3.73,3.603,4.016,3.247,3.278,3.549,3.759,3.487,3.843,4.005,3.7,3.929,3.725,3.722,3.127,3.694,3.599,3.521,3.507,3.508,3.297,3.785,3.023,3.974,4.191,3.434,3.519,3.692,4.295,3.63,3.619,3.586,3.294,4.586,3.686,3.683,3.473,3.205,3.858,3.237
4.456,3.337,4.117,4.184,3.843,3.579,3.246,4.021,3.249,3.354,3.402,3.24,3.342,4.195,3.603,4.865,3.346,4.423,4.148,3.296,2.972,3.108,3.556,3.784,3.518,3.68,3.571,2.735,3.476,2.661,3.61,3.363,3.198,3.595,2.871,4.067,3.498,3.71,3.707,3.945,3.362,4.429,3.744,4.01,3.988,3.235,3.617,3.29
3.567,3.585,3.756,4.746,3.47,3.781,4.374,3.813,3.109,4.138,3.545,4.295,3.459,3.857,3.416,3.751,4.176,4.559,3.087,3.236,3.022,3.306,3.546,3.783,2.985,4.054,4.317,3.564,3.768,4.37,4.084,4.048,3.756,4.015,3.572,3.652,3.67,3.403,3.909,3.831,3.433,4.413,4.421,2.948,3.835,3.762,3.881,3.333
3.799,3.747,3.893,4.393,3.49,3.331,4.324,3.214,3.499,3.361,3.942,3.171,3.181,3.509,3.31,4.972,3.95,4.492,2.761,3.425,3.092,3.418,2.738,3.621,3.84,3.292,3.51,3.323,3.442,3.639,3.492,2.911,3.43,4.032,3.653,3.628,3.491,2.722,3.818,3.729,3.389,4.102,3.941,3.051,3.613,4.432,3.688,3.099
4.391,4.002,3.188,3.804,4.015,3.554,4.284,4.792,3.359,3.974,4.183,3.319,3.928,4.609,3.709,4.496,4.214,4.345,3.175,3.596,3.975,3.185,3.376,3.526,3.517,3.413,3.469,2.995,3.458,4.144,4.323,3.928,3.498,3.457,4.012,4.191,4.037,3.83,3.846,3.345,3.849,4.657,4.129,3.259,3.514,3.297,3.848,3.185
3.318,3.598,3.429,3.307,4.269,3.726,3.736,3.84,4.039,3.384,3.94,4.207,3.642,3.467,3.606,3.7,3.893,4.047,3.473,3.091,3.21,3.736,3.152,3.826,3.733,3.37,3.878,3.483,3.332,3.206,3.413,4.138,4.322,4.187,4.249,3.762,3.311,3.923,3.67,3.393,3.51,4.268,4.393,3.804,3.907,4.098,3.499,3.733
4.488,3.366,3.109,3.409,3.967,3.209,3.974,4.407,3.611,3.693,4.505,4.09,3.363,3.527,3.694,4.326,3.486,4.719,3.672,2.743,3.659,3.826,3.859,3.202,3.485,3.09,3.449,3.856,3.011,3.854,3.454,3.757,3.12,3.911,3.421,3.527,4.243,3.131,3.564,3.726,2.901,4.79,4.796,3.697,3.452,3.384,3.397,3.495
4.489,3.705,3.625,3.316,2.946,3.798,3.392,3.882,3.887,3.4,3.564,4.201,3.176,4.111,3.436,5.015,3.556,5.042,4.341,3.679,3.764,3.473,3.336,3.665,3.513,3.63,3.395,3.688,3.616,3.477,2.932,4.049,3.819,3.443,3.662,3.874,4.119,3.812,2.858,3.528,3.023,4.451,4.188,3.338,3.051,4.133,3.478,3.896
5.047,3.688,3.742,3.621,3.738,3.378,2.894,4.172,3.421,3.547,3.739,3.784,2.975,3.764,3.639,4.303,3.994,4.382,3.529,3.7,3.571,3.625,4.628,2.81,3.755,3.643,3.897,3.358,3.39,3.298,3.199,3.315,4.158,3.475,3.867,3.788,3.428,4.312,3.627,3.547,3.414,3.953,4.099,3.606,3.738,3.399,3.729,3.833
4.713,4.001,3.521,3.89,3.525,3.897,3.494,3.976,3.564,3.519,4.108,3.233,2.644,3.482,4.278,4.003,4.061,4.502,3.188,2.574,3.336,3.006,4.091,3.878,2.807,3.393,3.428,3.7,3.664,3.097,3.126,4.155,3.478,3.4,3.773,3.646,3.809,2.961,3.541,3.854,4.048,3.644,4.917,3.284,3.386,2.932,4.043,3.255
4.367,3.917,4.054,3.659,3.46,3.208,4.109,4.19,3.448,3.746,3.552,3.442,4.154,3.325,3.757,4.011,4.157,3.421,3.653,4.067,3.232,3.374,3.448,3.865,3.569,3.507,4.176,3.037,3.959,3.742,3.358,3.714,3.949,3.684,2.781,3.286,3.459,3.623,4.045,4.604,3.902,4.69,4.231,3.003,3.624,3.391,3.88,3.156
4.329,4.146,4.073,4.23,4.058,3.946,3.188,3.16,3.906,3.794,3.711,3.591,3.843,4.009,3.507,4.171,4.026,4.065,3.104,3.331,3.225,3.757,3.573,3.114,2.982,3.764,3.618,3.137,3.95,3.599,3.877,3.416,3.733,3.827,3.834,3.994,3.551,3.836,4.197,3.847,3.645,3.862,4.7,3.041,3.865,3.469,2.834,3.563
3.958,3.958,3.374,4.145,3.558,3.471,4.215,4.169,3.961,3.677,3.52,2.945,4.484,4.414,3.125,4.542,3.908,4.019,3.953,3.672,3.333,3.182,3.785,3.043,3.402,3.51,3.865,3.494,4.204,4.379,4.134,3.633,3.725,4.108,3.847,3.699,4.183,3.53,3.451,4.147,3.515,3.97,4.321,3.507,3.752,3.256,3.364,4.011
4.049,3.624,3.026,3.844,3.672,2.846,3.597,3.851,4.496,3.843,3.901,3.377,4.008,3.777,3.67,4.147,3.298,4.003,3.176,3.57,3.118,3.216,3.991,3.17,3.043,3.148,3.131,3.443,3.072,3.279,3.285,3.62,3.221,2.809,3.244,3.446,3.669,3.46,3.858,3.899,3.292,4.072,4.226,3.716,3.138,3.44,2.748,3.056
4.182,4.175,3.753,4.173,3.376,4.176,3.624,4.435,3.681,3.944,3.757,3.77,3.16,3.822,3.052,4.73,3.5,3.957,2.851,4.112,3.384,3.541,3.107,3.487,3.143,3.62,3.33,4.038,3.566,3.835,3.835,3.607,3.559,4.011,3.743,3.375,4.143,3.899,3.056,3.847,3.356,4.371,4.567,3.37,3.729,4.147,3.64,3.474
4.191,3.631,3.553,4.063,3.317,2.981,3.518,3.382,4.333,3.396,3.864,3.565,3.833,3.805,3.606,4.707,3.744,4.146,3.825,3.176,3.276,3.5,3.348,3.761,3.774,3.519,2.928,3.645,3.629,3.884,3.522,3.639,3.062,3.799,4.152,3.367,3.711,3.875,4.02,3.362,3.802,4.782,4.168,3.672,3.662,3.199,3.83,3.563
3.825,3.82,3.06,4.267,3.4,3.858,4.297,3.503,3.751,3.614,3.963,3.784,3.26,3.377,3.414,4.523,4.03,4.284,3.868,2.867,3.601,3.358,3.094,3.791,3.656,3.349,3.901,3.574,3.977,3.444,3.894,3.907,4.158,3.946,3.743,3.778,3.495,3.292,3.279,3.644,3.511,4.395,3.724,3.12,3.026,3.131,3.01,3.698
3.5,3.328,3.752,4.625,3.36,3.399,3.49,4.462,3.574,3.728,3.623,2.943,3.869,3.618,3.227,4.627,3.648,3.936,3.765,3.182,3.737,4.045,3.526,3.36,3.552,3.823,2.985,2.883,3.353,4.103,3.721,2.808,3.59,2.97,3.565,3.329,3.777,3.566,3.123,3.137,3.781,5.12,4.163,3.532,3.278,3.036,3.346,3.292
4.588,4.185,3.547,3.731,3.28,3.821,3.282,4.267,3.532,3.748,3.527,3.817,3.21,3.709,3.226,3.758,3.967,3.595,3.805,3.085,3.177,3.157,3.98,3.869,3.14,3.966,3.83,3.571,3.956,3.813,3.268,3.429,3.62,3.502,4.45,3.192,2.853,3.433,3.548,4.047,3.646,4.347,3.885,3.527,3.577,3.322,3.563,3.585
3.595,2.917,3.178,3.595,3.3,3.74,3.148,3.755,3.739,2.807,2.928,4.972,3.4,4.148,3.216,4.251,4.112,4.765,3.233,3.294,2.922,3.448,3.082,3.31,4.161,3.397,3.737,3.296,3.807,3.535,3.947,3.999,3.532,3.499,3.045,3.018,3.563,3.497,3.141,3.713,3.197,4.577,3.688,3.385,3.886,3.703,3.425,3.716
3.698,3.784,3.578,3.792,3.94,4.034,3.918,3.574,3.189,3.584,3.418,4.263,3.704,3.844,3.771,4.081,3.935,4.126,3.594,3.651,3.619,3.801,3.763,3.337,3.394,3.137,3.606,3.076,3.328,3.992,3.328,3.714,3.87,3.767,3.267,3.291,4.033,3.628,3.152,4.331,3.557,4.373,4.687,3.087,3.528,3.786,3.434,3.295
3.944,4.42,3.934,3.681,3.339,2.989,3.739,3.185,3.628,4.247,3.52,3.222,3.984,4.112,3.834,4.235,3.173,4.673,3.265,3.538,2.969,3.737,3.153,3.345,2.964,2.892,3.703,3.758,3.408,3.567,3.319,3.83,4.213,3.379,4.071,3.659,3.668,3.431,4.085,3.196,4.132,3.633,3.98,4.026,3.607,3.254,2.828,3.331
4.548,3.829,3.566,3.469,3.614,2.77,3.927,3.775,4.113,3.699,3.491,3.036,3.524,3.354,3.239,4.699,3.316,3.981,3.714,3.895,3.455,3.607,3.5,3.71,3.892,3.472,3.587,3.651,3.853,3.046,4.288,3.515,4.439,3.535,3.947,4.388,3.876,3.617,3.682,3.388,3.617,4.399,3.579,3.009,3.761,3.628,3.787,3.415
4.544,4.169,3.322,4.02,3.886,3.205,3.682,4.102,3.228,3.216,4.328,3.665,3.363,3.989,3.287,4.613,3.314,4.502,2.764,3.242,3.699,3.029,3.245,3.067,3.841,3.562,4.028,3.447,4.276,3.31,3.38,3.735,3.541,3.805,3.653,4.023,3.059,3.878,3.845,3.656,2.899,4.456,4.034,3.512,3.555,3.623,3.391,3.874
4.214,4.745,3.944,4.265,3.511,3.144,3.907,3.542,3.264,4.139,3.63,3.506,3.33,4.066,3.719,3.715,3.787,4.519,4.009,4.035,3.587,3.01,3.17,3.641,3.584,3.925,3.394,3.59,3.656,3.722,3.156,3.893,3.685,3.594,3.518,3.577,3.993,2.889,3.155,3.97,3.556,4.853,3.94,3.931,4.143,3.349,3.418,3.729
3.598,4.241,3.337,4.478,2.703,3.59,3.582,4.058,4.056,3.372,3.757,3.279,3.492,4.67,2.718,3.833,3.565,4.638,3.952,3.83,3.357,3.062,3.392,3.636,4.665,3.455,3.915,3.266,4.231,3.611,3.236,3.938,3.266,4.124,3.335,3.351,3.851,3.612,3.919,3.319,3.515,3.703,4.202,3.292,3.821,3.374,3.183,3.656
4.313,3.801,3.475,3.742,3.126,3.57,3.318,3.858,3.782,3.466,3.224,3.607,2.932,3.75,3.304,4.454,3.853,4.085,4.143,3.103,3.321,3.189,3.707,3.089,3.735,3.596,3.426,3.072,3.506,3.729,3.902,3.611,3.957,3.062,3.565,4.454,3.821,3.984,3.394,3.892,3.371,4.263,3.71,3.631,3.323,3.243,2.968,3.132
4.045,3.629,3.421,2.795,3.264,3.964,3.646,4.045,3.333,4.262,3.775,3.744,4.059,4.3,2.869,4.631,3.527,4.209,3.33,3.497,3.536,3.299,3.604,3.593,3.828,2.966,3.457,3.093,3.377,3.649,3.451,3.169,3.819,3.39,3.314,3.3,3.662,3.57,3.512,3.917,3.525,4.524,3.869,3.347,3.676,3.481,3.978,3.768
4.516,3.638,3.519,3.564,2.8,3.555,3.782,3.736,3.119,3.289,3.666,3.988,3.956,3.221,2.867,3.484,2.987,3.653,4.279,3.723,3.785,3.195,2.76,3.959,3.28,3.134,3.223,3.422,3.599,3.819,3.772,4.065,2.994,3.466,3.778,3.507,3.953,3.417,4.202,3.225,4.305,3.714,3.981,3.862,2.962,3.412,4.162,3.72
3.904,3.412,4.119,3.851,3.179,3.147,4.205,3.512,3.219,4.144,3.642,3.42,3.409,3.732,3.563,4.808,3.349,4.362,3.325,3.217,3.363,2.84,3.594,3.227,3.852,4.154,3.462,3.949,3.168,3.593,3.547,3.415,3.686,3.035,3.065,3.714,3.567,3.737,3.492,4.027,4.115,4.411,3.852,3.041,4.089,3.571,3.488,3.355
4.217,3.146,2.436,4.313,4.104,3.997,3.494,4.214,3.659,3.732,3.564,3.001,3.777,4.278,3.507,4.755,3.223,4.063,3.514,3.73,3.529,3.092,3.573,3.625,3.384,3.148,3.298,3.178,3.309,3.475,3.852,3.54,3.552,3.451,4.294,4.198,4.076,3.985,3.823,4.312,3.45,3.864,4.17,3.835,2.925,3.287,3.508,3.093
4.68,3.193,3.675,3.936,4.047,3.91,3.131,3.9,3.838,3.572,4.321,3.66,3.764,3.717,3.157,4.106,4.143,3.926,3.454,3.671,3.807,4.352,3.278,3.705,4.006,3.37,4.536,3.572,3.605,3.93,3.351,3.814,3.502,3.972,4.215,3.436,3.394,3.809,4.175,4.364,3.591,3.827,4.104,3.338,3.512,3.424,3.003,3.494
4.613,3.505,3.596,2.517,3.084,3.157,4.137,4.128,3.14,4.094,4.064,2.849,2.746,4.251,3.613,3.96,4.125,4.216,3.661,4.007,3.496,3.42,3.408,3.985,3.35,3.827,3.47,3.249,3.514,3.121,3.337,3.16,3.9,3.574,3.806,3.762,3.323,3.416,3.866,3.516,3.209,4.77,3.903,3.022,3.442,3.077,2.571,4.129
4.43,4.158,3.022,3.63,3.405,3.425,4.255,3.348,3.869,3.894,3.463,4.092,3.339,3.878,3.458,5.15,3.771,4.381,3.515,4.275,3.217,3.069,3.712,4.041,3.695,3.231,4.038,3.842,4.066,4.007,3.316,4.092,3.436,3.546,3.307,4.055,3.452,4.048,3.656,4.355,3.933,4.749,4.514,3.127,3.428,3.24,3.508,3.827
3.674,3.315,3.787,4.102,3.838,4.155,3.852,3.31,4.302,3.523,4.337,3.59,3.551,3.552,3.65,4.205,3.436,3.81,3.291,3.531,3.979,3.835,3.185,3.229,3.628,3.575,3.522,3.718,3.924,3.357,3.314,3.508,3.198,3.04,3.886,3.748,3.327,3.715,3.104,3.707,3.482,4.094,4.28,3.429,3.453,3.25,3.744,3.029
4.337,3.397,3.067,3.395,3.928,3.987,3.904,3.943,3.677,3.037,2.848,3.238,3.984,3.99,3.001,4.534,4.275,3.668,4.215,3.314,3.21,3.851,3.475,3.532,3.365,4.109,3.939,3.905,4.566,3.851,3.646,3.502,2.988,3.536,3.527,2.635,3.107,3.528,3.55,3.86,4.2,4.937,3.297,3.32,2.951,3.678,3.104,3.599
4.104,3.156,3.448,3.745,3.659,3.432,3.9,3.818,3.373,3.978,4.179,2.95,4.075,3.48,3.546,4.479,3.956,4.243,3.971,3.669,3.049,3.254,3.498,2.962,3.24,3.572,3.326,3.534,3.671,3.264,3.756,3.753,2.861,3.609,3.951,3.74,3.379,3.841,3.578,3.154,3.519,4.157,4.467,4.098,3.462,3.3,3.635,3.755
3.388,4.216,3.383,3.629,3.682,3.901,3.348,3.996,3.507,3.959,4.021,3.1,3.487,3.986,3.931,4.528,4.372,4.412,3.841,3.804,3.19,3.713,3.51,3.984,3.322,3.414,3.967,3.399,3.69,3.289,3.355,3.521,3.679,3.326,3.173,3.893,4.147,3.363,3.274,3.931,3.491,4.173,3.768,3.435,3.504,3.005,3.581,3.612
3.689,3.161,3.424,4.448,3.33,4.093,3.655,4.359,2.959,3.484,3.794,3.524,3.689,4.117,3.693,4.013,4.229,4.423,4.302,3.335,3.561,3.444,3.151,3.276,3.267,3.91,3.521,4.109,3.322,3.64,3.957,4.12,3.252,3.973,3.669,3.494,4.339,4.031,3.257,3.346,3.494,4.454,4.131,3.523,3.07,3.819,3.049,3.952
4.365,4.036,3.318,4.301,3.24,3.948,3.369,4.4,3.513,3.699,3.85,3.381,3.809,4.1,3.705,4.318,4.231,3.489,3.583,3.033,3.013,3.513,3.58,3.23,3.775,3.443,3.736,3.682,4.181,3.151,3.647,3.861,3.659,3.156,3.521,2.755,3.6,3.933,3.225,3.263,3.718,4.465,4.362,3.493,3.192,3.653,3.632,3.603
3.985,3.552,3.372,4.503,3.491,3.946,4.024,3.624,3.703,3.812,3.141,3.423,3.994,4.303,2.641,4.638,3.624,3.49,2.864,2.99,4.489,2.883,3.522,3.617,3.737,3.566,3.328,3.806,3.782,3.314,3.482,3.706,2.849,3.541,3.449,3.172,3.058,3.785,4.037,3.236,2.826,4.783,4.381,3.187,3.187,3.264,3.841,3.263
3.837,3.923,3.774,3.405,4.497,3.352,4.41,4.043,2.951,3.252,3.379,2.687,2.763,4.489,3.78,4.196,3.762,4.427,3.426,3.47,3.024,3.897,3.306,3.811,3.243,3.729,3.352,3.6,3.929,3.833,3.657,3.53,3.985,3.969,3.581,2.724,3.6,3.993,3.435,3.925,4.065,4.155,3.75,2.801,4.586,3.187,3.571,3.69
3.872,3.445,3.117,3.944,3.882,3.417,3.624,3.85,3.511,3.872,3.551,3.935,3.656,3.977,3.673,3.598,3.884,4.059,3.965,3.222,2.974,3.327,4.048,3.552,3.981,3.328,3.733,3.797,3.742,3.345,4.233,3.263,4.294,3.634,3.498,3.52,3.734,3.947,2.629,3.401,3.378,4.721,3.986,3.346,4.022,3.549,3.725,3.559
4.278,3.039,3.511,3.545,3.94,2.633,3.438,3.827,3.193,4.083,4.044,3.954,2.749,3.616,3.897,3.846,4.249,3.423,4.077,3.549,3.021,3.578,3.1,3.063,3.083,3.416,3.816,3.719,3.804,3.48,3.739,3.601,4.044,3.011,3.167,3.49,3.313,3.736,3.713,3.289,3.785,4.362,4.036,3.318,3.15,3.749,2.922,3.598
3.693,4.216,3.838,4.256,3.835,3.239,3.615,4.296,3.67,3.216,3.535,3.136,3.834,4.183,2.87,4.568,3.44,4.095,3.075,4.08,3.675,3.528,3.133,2.809,3.306,3.596,3.122,3.22,3.727,3.209,4.033,3.801,3.15,2.922,4.033,3.368,2.574,3.47,3.706,3.604,3.838,4.983,4.046,3.426,3.262,3.294,3.432,3.65
4.967,3.456,3.034,3.764,3.839,3.282,3.662,3.713,3.603,4.297,3.482,3.837,3.583,3.949,3.395,4.003,3.959,4.427,3.592,3.389,3.455,3.325,3.138,3.293,3.544,3.187,3.796,3.606,3.249,3.669,3.458,4.267,3.086,3.361,3.985,3.825,4.015,3.899,3.997,2.831,3.861,4.494,3.52,3.423,3.161,3.533,3.496,4.053
4.628,3.682,3.515,3.695,3.987,3.928,4.136,4.276,3.556,2.877,4.429,3.065,3.084,4.006,3.234,4.728,4.459,4.408,3.627,3.488,3.513,3.54,2.917,3.064,3.644,3.412,2.786,3.432,3.101,3.522,3.248,3.104,3.446,3.801,3.172,4.192,3.806,4.12,3.498,3.519,3.317,4.065,4.142,4.061,4.178,4.582,3.429,2.913
4.133,3.875,3.19,3.824,3.489,4.026,3.969,4.153,3.629,2.747,3.811,3.628,3.653,3.749,3.564,4.606,4.264,3.579,3.544,3.293,3.619,3.214,3.551,3.933,3.042,3.503,3.475,4.023,3.517,4.027,4.257,3.768,3.742,3.178,3.769,3.905,3.337,3.845,3.319,3.635,3.486,5.074,4.506,3.409,4.087,3.281,2.939,3.641
4.218,3.697,3.8,4.265,3.7,3.613,3.473,4.289,3.508,3.841,3.579,3.749,3.821,3.903,3.441,4.329,2.896,4.085,3.537,3.827,3.728,2.871,2.725,2.566,3.198,3.412,3.296,3.503,4.126,3.828,3.105,3.622,3.708,3.581,3.984,3.634,3.332,3.26,3.858,4.003,3.507,4.127,4.278,3.414,3.675,3.725,3.314,3.138
5.037,4.002,3.395,3.683,3.479,3.123,4.114,3.898,3.601,4.299,3.757,3.583,3.122,4.591,2.627,5.014,3.538,3.387,3.977,3.313,3.21,3.568,3.325,3.803,3.242,3.702,3.607,3.417,3.849,3.865,3.949,3.916,3.457,3.534,3.41,4.009,3.746,3.155,3.36,4.433,3.708,4.77,3.808,3.924,3.51,2.867,3.471,3.386
4.895,3.438,3.884,3.773,3.729,3.663,3.734,4.173,4.087,3.658,2.424,3.836,3.467,4.018,3.487,3.966,3.645,4.574,4.201,3.733,3.161,2.864,3.758,3.197,4.131,3.881,3.788,3.824,2.675,4.56,3.048,2.995,3.449,4.094,3.668,4.104,3.511,3.644,3.391,3.586,4.094,5.074,3.668,3.562,3.376,3.469,3.442,3.507
4.306,4.091,3.585,3.742,3.603,4.027,3.88,3.636,3.346,3.797,3.602,2.926,3.657,4.186,3.507,4.109,3.769,4.288,3.594,3.63,3.329,3.87,3.822,3.139,3.709,3.636,3.362,3.52,3.67,3.688,3.262,4.49,3.402,3.115,4.143,3.8,3.48,3.979,3.892,3.139,3.282,5.155,4.25,4.02,3.991,3.73,3.444,3.416
3.934,3.664,3.626,3.716,3.618,3.839,3.913,4.495,3.445,3.107,4.358,3.337,2.223,3.624,3.459,3.802,3.586,4.051,4.129,3.95,3.505,3.569,3.23,3.478,3.702,3.406,3.646,3.742,3.873,3.556,4.02,3.216,3.817,3.764,3.458,3.19,2.985,3.836,4.431,3.802,3.834,4.092,3.869,3.766,3.419,3.035,3.564,3.539
3.946,3.423,2.99,3.322,3.238,3.608,3.759,4.203,3.422,3.552,4,3.572,3.907,4.105,3.363,4.081,3.868,3.883,3.595,3.206,3.177,2.986,3.005,2.835,3.448,3.341,3.701,3.445,3.656,3.509,3.844,3.511,3.875,3.618,3.341,3.56,3.082,3.342,3.091,2.577,3.599,4.686,3.926,3.323,3.108,3.768,3.118,3.728
3.904,3.54,3.39,4.087,3.249,4.211,3.168,4.078,3.915,3.912,4.083,4.366,3.676,3.265,3.501,4.237,3.456,4.462,3.247,4.267,3.308,3.285,3.805,3.804,3.55,4.051,3.604,3.885,3.152,3.463,3.99,4.375,4.332,3.473,4.235,2.646,3.417,3.465,3.245,4.288,3.361,3.609,4.159,3.27,3.576,3.389,3.884,3.438
4.578,3.231,3.807,3.163,3.962,3.717,3.973,3.747,3.414,3.159,2.66,3.916,3.448,4.207,3.234,3.574,3.908,3.483,3.802,3.035,3.809,3.774,3.869,3.255,3.447,4.065,3.78,3.723,3.567,2.649,3.236,3.708,4.01,3.851,3.799,3.385,3.964,3.899,4.171,4.088,3.046,4.285,3.839,3.908,3.642,3.473,4.033,2.978
3.894,4.026,4.005,3.727,3.69,3.549,3.995,3.559,3.28,4.375,3.081,3.811,3.511,3.664,3.446,3.721,3.797,4.219,3.555,3.408,3.22,3.635,2.694,2.941,3.77,3.176,3.822,3.282,3.779,3.72,3.475,3.8,4.036,3.227,4.05,3.803,3.296,3.737,3.643,3.733,3.639,4.707,4.418,3.622,3.481,3.734,3.751,3.966
3.827,3.612,2.965,4.329,3.229,4.172,3.368,3.981,3.304,3.025,3.541,3.82,3.68,3.161,3.346,4.508,3.766,4.427,3.227,3.365,3.165,3.872,3.551,3.884,3.833,3.263,4.166,3.827,3.07,3.643,3.653,3.779,3.324,3.531,3.252,4.119,3.561,4.061,3.598,3.847,3.331,5.098,3.768,3.335,2.907,3.646,3.146,4.205
4.295,3.139,4.456,4.304,3.728,3.636,2.942,3.939,3.784,3.382,3.218,3.604,3.279,4.361,3.669,3.911,3.999,3.947,3.662,3.458,3.993,3.236,3.404,3.825,2.986,3.834,4.119,3.822,2.805,2.777,3.742,3.557,3.331,3.659,3.608,3.246,3.618,3.562,3.669,3.474,3.391,4.152,4.498,3.553,3.846,3.315,3.654,2.997
4.469,3.535,2.89,3.541,3.141,3.575,3.767,4.405,3.784,3.23,3.773,3.814,3.149,3.773,3.285,4.691,3.727,3.325,4.185,3.714,3.857,3.423,3.92,2.681,3.591,3.73,3.602,3.593,3.514,3.219,3.559,3.415,3.62,3.342,3.553,3.483,3.744,3.812,3.236,3.924,3.968,4.36,4.25,3.9,3.231,3.619,3.539,3.465
4.472,3.576,3.56,4.043,3.464,3.926,3.519,4.288,4.04,3.764,3.528,3.988,3.509,4.026,3.952,4.671,4.4,4.783,4.253,3.6,2.995,2.953,3.243,3.907,3.793,3.661,2.874,3.828,3.141,3.663,3.438,3.301,3.615,3.487,3.565,4.199,3.452,3.718,4.024,3.541,3.633,3.734,4.376,3.424,3.634,3.837,3.264,4.182
3.989,3.663,3.382,4.386,3.403,3.741,3.722,4.248,3.774,3.815,3.844,3.268,3.725,4.139,3.853,4.26,3.333,3.53,3.487,3.959,3.557,3.418,3.516,3.468,3.411,3.557,3.295,3.961,3.603,3.662,3.314,3.271,3.484,3.516,3.285,3.774,3.69,4.135,2.996,3.881,3.005,4.307,4.257,2.832,3.333,3.899,3.284,2.836
3.924,4.102,3.601,4.003,3.63,3.398,3.67,4.186,2.547,3.775,3.877,3.636,3.213,4.371,3.352,5.108,3.444,3.528,3.52,3.7,3.164,4.4,3.355,3.453,3.847,3.212,3.497,3.612,3.548,3.413,3.431,3.14,3.719,3.663,3.382,3.417,3.361,3.441,2.77,3.617,3.412,4.733,4.183,3.513,3.582,3.217,3.905,3.027
4.187,3.408,3.602,4.195,3.901,3.331,4.505,3.848,4.007,3.8,3.906,3.54,3.857,3.587,3.394,3.894,3.97,3.933,4.297,3.307,3.378,3.314,3.543,3.533,3.172,2.981,3.558,3.362,3.437,3.611,4.1,3.933,3.53,4.246,2.899,4.373,3.366,4.041,3.571,3.676,3.573,5.346,5.078,3.461,4.199,2.797,3.442,3.063
4.652,3.5,3.274,4.461,4.157,2.861,3.025,3.919,3.973,3.976,3.893,4.171,3.264,3.837,3.394,4.025,3.63,4.079,4.03,2.539,2.859,3.311,2.969,3.428,3.114,3.623,4.201,3.046,3.499,3.481,3.911,2.991,3.385,3.314,3.184,3.699,4.59,3.281,3.959,3.605,4.052,4.741,4.641,2.972,3.667,3.538,3.593,3.139
3.829,3.592,3.186,3.166,3.792,3.883,3.997,3.639,3.727,3.454,3.965,3.448,4.211,3.095,3.378,4.452,4.271,4.187,3.626,2.395,3.715,2.877,3.462,3.445,3.438,3.757,3.636,3.347,3.581,4.362,3.032,4.526,3.866,3.361,3.095,3.015,3.875,3.788,3.461,4.256,3.262,4.687,4.543,3.368,3.182,2.677,3.896,3.545
4.077,3.624,4.198,3.737,3.456,3.694,3.325,3.761,3.568,3.69,3.848,3.665,3.136,3.893,3.733,3.694,3.795,3.333,3.317,3.471,4.02,3.304,3.042,3.469,3.177,4.516,3.751,3.794,3.332,3.044,3.153,3.8,3.383,2.776,3.551,3.759,3.784,3.764,3.607,4.478,3.758,4.377,4.267,2.762,3.362,3.572,3.167,3.376
3.558,3.654,3.241,4.129,3.058,3.283,3.459,4.404,3.645,3.661,3.865,3.68,3.131,3.462,2.535,4.045,3.768,3.565,4.051,3.587,3.703,3.646,3.619,4.268,3.231,3.535,3.649,3.627,2.671,3.224,4.046,3.691,3.638,3.234,3.898,3.75,3.713,2.965,4.238,3.622,3.616,3.686,3.972,3.27,3.945,3.45,2.694,3.975
3.957,3.693,3.715,3.963,3.654,3.187,3.585,4.406,3.616,3.395,3.982,3.527,3.55,3.711,3.864,4.346,3.285,3.815,3.365,2.985,3.912,3.102,2.917,3.482,2.988,3.632,4.216,3.672,4.254,3.315,3.682,4.126,3.836,3.066,3.056,3.431,3.244,4.132,3.187,3.184,3.715,4.821,4.021,2.646,3.712,4.182,4.159,3.139
5.366,3.799,3.2,3.258,3.084,3.914,3.358,3.899,3.7,3.442,3.512,3.153,3.276,3.383,3.713,3.728,3.372,4.313,3.476,3.067,3.551,3.057,3.229,3.405,3.858,3.757,2.991,3.288,3.695,3.524,3.324,3.153,4.244,3.93,3.508,2.6,3.845,4.521,4.536,3.803,4.115,4.282,4.231,3.479,3.483,3.6,3.502,3.64
4.736,3.055,3.463,3.654,3.484,3.743,3.752,4.434,3.38,3.861,3.648,3.039,3.437,3.526,3.669,4.809,3.724,3.939,3.401,3.81,3.785,3.658,3.667,3.653,4.153,4.084,3.398,3.369,3.364,4.108,3.702,3.812,3.5,3.56,3.49,3.773,4.058,3.498,3.339,3.129,3.838,4.177,3.593,3.466,3.827,3.164,3.647,3.704
3.717,4.52,3.385,3.529,3.945,3.914,4.559,3.597,3.405,3.577,3.113,3.532,3.256,4.31,3.755,3.955,4.371,4.696,3.954,4.242,2.997,3.895,3.667,3.204,2.89,3.464,4.084,3.388,3.319,3.624,3.882,3.514,2.868,3.538,3.483,3.195,2.94,3.397,3.154,3.529,3.59,4.838,4.176,3.175,4.211,3.868,2.975,3.777
4.57,3.296,3.975,3.784,3.369,3.413,3.808,4.594,4.727,3.324,3.468,4.295,3.172,3.959,3.783,4.196,3.848,3.815,3.65,2.989,3.624,3.531,3.396,3.377,3.552,3.993,3.518,3.427,3.275,3.721,3.836,4.094,3.644,3.562,3.768,4.061,4.184,4.182,3.777,3.671,3.78,4.277,5.329,3.207,3.226,3.59,3.296,2.681
4.137,3.165,4.16,3.885,3.767,3.862,3.542,4.246,3.362,3.39,3.754,3.497,3.737,3.925,3.398,4.373,4.774,3.776,3.144,3.723,3.117,3.425,3.369,3.458,4.084,3.31,3.4,3.505,3.756,3.693,3.707,4.447,4.234,3.97,3.886,3.95,2.977,4.007,3.027,3.388,2.535,5.067,4.3,3.41,3.639,3.838,3.538,3.288
4.151,3.456,3.854,4.118,3.457,3.539,4.187,3.799,3.728,4.236,3.462,3.513,3.535,3.818,3.391,3.583,3.278,4.079,3.764,3.344,3.312,3.645,3.459,3.628,3.531,3.37,3.269,3.318,3.741,3.467,4.375,3.296,4.177,4,3.614,3.628,3.423,4.205,3.243,3.644,3.681,4.093,3.369,3.298,3.116,4.053,3.374,3.23
4.12,4.288,2.848,4.458,3.226,3.211,3.832,3.874,3.972,3.531,3.517,3.729,3.843,4.057,2.979,4.134,3.535,4.611,3.437,3.861,3.356,3.734,3.319,3.466,2.954,3.256,3.601,3.698,3.762,3.462,3.333,3.045,3.731,3.306,3.904,3.721,4.068,3.896,3.49,3.286,3.322,4.613,4.086,3.257,3.442,3.979,3.666,3.804
3.954,3.633,3.415,4.117,3.634,3.645,2.841,3.585,2.984,2.379,3.332,3.91,3.283,4.218,3.641,3.905,3.904,3.351,3.834,4.217,3.597,2.973,3.346,3.185,3.004,3.561,3.997,4.459,3.913,4.174,4.053,3.35,4.609,3.6,3.97,4.474,3.75,2.878,3.422,4.146,3.818,4.336,4.119,3.739,3.195,3.989,3.878,3.132
4.659,3.31,3.826,3.973,3.616,3.727,3.143,3.945,3.417,3.627,3.955,4.057,2.898,3.985,3.572,3.733,4.118,4.244,3.925,3.231,3.376,3.295,3.258,3.225,3.289,4.605,3.733,3.403,4.2,3.692,3.961,3.634,3.35,3.839,3.087,3.719,3.475,2.806,3.876,3.921,3.266,4.977,4.306,3.545,3.453,3.569,3.271,3.829
3.656,3.346,3.573,4.236,3.657,3.521,3.381,3.939,3.407,3.514,3.887,3.292,3.366,3.236,3.636,4.206,3.706,4.354,3.856,3.699,3.297,3.592,4.039,3.669,3.027,3.526,3.577,3.852,3.815,3.82,3.566,3.079,3.148,3.311,3.78,3.241,3.268,3.391,3.738,3.351,3.448,4.247,3.811,3.956,3.239,3.092,3.693,3.705
3.645,3.553,3.852,3.522,3.693,3.44,3.643,4.175,3.399,3.538,3.263,3.297,3.106,3.995,3.221,4.438,3.801,3.801,3.328,4.276,2.961,3.565,3.656,3.182,3.683,3.314,3.71,3.204,3.715,3.834,3.448,4.046,3.055,4.094,3.128,3.999,3.525,3.933,3.902,3.865,4.184,4.681,3.858,3.208,3.424,3.46,3.675,3.37
4.422,3.769,3.697,3.921,3.166,4.501,3.848,3.75,3.395,3.532,3.142,3.746,2.989,3.611,3.439,4.057,3.846,4.171,4.39,3.703,3.585,3.392,3.255,3.735,3.555,3.204,3.362,2.943,3.907,3.465,4.069,3.477,4.019,3.432,4.221,3.81,3.375,3.373,3.757,3.633,3.568,4.6,4.454,3.247,3.114,3.675,3.582,3.281
4.385,3.198,3.437,3.777,4.084,4.015,3.89,3.692,3.945,3.497,3.559,3.784,3.151,3.807,3.632,4.665,4.152,4.025,3.439,3.796,3.22,3.402,3.493,3.134,3.263,3.97,3.216,2.994,4.198,3.935,3.51,3.031,3.678,3.207,3.661,3.509,3.501,3.777,4.047,3.74,3.368,4.822,3.831,3.195,2.977,3.228,3.947,3.637
3.655,3.795,2.949,3.774,3.841,2.246,4.14,3.839,3.298,3.794,3.409,3.606,3.599,3.823,3.161,4.096,4.02,3.355,3.546,3.812,2.885,3.74,3.102,3.554,3.171,3.215,3.376,3.463,3.534,3.047,2.976,3.342,4.095,3.57,3.531,3.187,2.797,3.024,3.46,3.668,3.324,4.875,3.803,3.423,3.712,3.826,2.71,3.809
4.236,3.603,3.332,3.594,4.307,3.261,3.586,4.291,3.431,3.675,3.677,3.514,4.077,3.93,3.175,4.613,4.156,4.377,4.046,3.51,3.264,2.872,3.934,3.729,3.557,3.085,3.225,3.639,3.594,3.523,3.578,3.678,3.378,4.251,3.752,3.844,3.318,3.5,3.737,3.974,4.003,4.528,5.03,3.008,3.2,3.787,3.029,3.488
3.997,3.549,4.286,3.8,3.52,3.927,3.832,3.779,3.309,3.494,3.877,3.345,3.69,3.94,3.716,3.798,3.973,3.431,3.687,2.605,3.429,3.47,3.52,3.793,3.15,3.622,3.737,3.473,3.497,3.429,3.613,3.027,4.288,3.226,3.714,3.52,3.698,3.635,3.367,3.163,3.849,4.081,4.435,2.925,3.633,3.239,3.949,3.013
4.92,3.259,3.396,4.526,3.753,3.406,3.885,4.323,2.693,3.642,3.142,3.378,4.174,4.13,3.583,4.554,3.897,3.567,3.782,3.585,3.139,3.024,2.988,3.791,2.993,3.785,3.128,3.748,3.795,4.157,3.425,3.235,4.339,4.163,3.467,3.187,3.553,4.329,3.498,3.458,3.344,4.445,3.909,3.407,3.663,3.586,3.495,3.358
3.798,3.586,3.947,4.166,3.808,3.537,3.209,3.672,4.261,3.277,3.752,3.181,3.29,3.484,3.388,4.165,3.998,3.805,3.589,3.224,3.236,3.952,2.95,3.63,3.874,3.474,3.131,3.4,3.182,3.652,3.383,3.387,2.982,3.69,3.708,3.375,3.983,3.742,3.978,4.086,3.539,4.093,4.328,3.874,3.641,3.347,3.175,3.629
3.978,3.04,3.161,4.603,3.363,3.817,3.48,4.284,3.618,3.728,3.994,3.858,3.398,3.367,3.879,4.451,3.394,4.608,4.033,3.422,3.472,3.34,3.315,3.221,3.769,3.961,3.22,3.087,3.655,3.444,3.807,3.378,3.173,4.291,3.252,3.969,3.709,2.916,4.175,3.242,3.945,4.166,4.009,3.12,3.996,3.868,2.586,3.199
4.01,3.293,3.582,3.159,4.097,3.27,4.335,3.37,3.35,4.079,3.704,3.481,3.214,3.385,3.664,5.133,3.762,4.373,3.384,3.556,3.353,3.462,3.196,3.275,4.154,3.313,3.415,3.712,3.466,3.244,3.597,3.429,3.623,3.466,3.355,3.543,3.401,3.617,3.449,3.549,3.415,4.778,4.481,3.757,4.289,3.127,3.693,3.697
4.248,4.355,3.47,4.633,3.557,3.012,3.627,3.774,3.312,3.612,3.847,3.986,3.341,4.639,3.237,4.532,3.858,4.178,3.931,3.187,3.565,3.896,2.944,3.514,3.682,4.008,4.437,3.335,3.082,3.786,3.343,3.226,3.621,3.399,3.884,3.178,3.779,3.132,2.963,3.402,3.361,4.264,4.693,3.662,3.508,3.147,3.645,2.968
4.476,3.682,3.13,4.021,3.428,3.604,4.293,3.149,3.526,3.948,3.894,3.574,3.399,3.507,3.751,5.023,3.865,3.793,3.161,3.639,3.281,3.403,3.018,4.191,3.908,3.698,3.483,3.899,3.599,3.323,3.902,3.647,3.23,3.356,3.802,2.5,3.533,3.785,3.634,3.896,3.32,4.631,4.41,3.633,3.574,3.76,3.724,3.316
4.535,3.045,3.782,3.819,4.071,2.949,4.082,3.791,3.694,4.03,3.128,3.758,3.14,3.949,3.164,4.275,3.876,4.304,3.284,3.26,3.386,3.44,3.42,3.455,3.498,3.711,3.393,3.844,3.86,3.716,4.122,3.209,4.053,3.503,3.515,3.623,3.781,3.585,4.199,4.282,3.659,4.769,4.411,3.23,3.787,3.073,3.16,3.844
3.891,3.483,3.555,3.541,3.446,3.582,3.772,3.98,3.531,3.846,3.893,3.237,3.599,3.871,3.613,3.918,2.74,3.829,3.946,3.938,3.368,3.455,3.58,3.744,3.569,3.28,3.649,3.545,3.134,3.748,3.299,3.524,3.439,4.428,3.186,4.144,2.89,3.689,3.563,3.676,3.808,4.612,3.798,3.679,3.375,3.664,3.626,3.65
4.065,3.967,3.377,4.148,3.635,3.354,3.624,3.966,3.561,3.221,3.947,3.24,3.588,3.283,3.454,3.667,3.88,4.403,4.065,3.665,3.393,3.899,3.941,4.393,3.566,3.457,4.059,3.178,3.381,4.187,3.727,3.497,3.535,3.592,3.629,3.959,3.854,3.353,3.578,3.841,3.859,4.561,4.78,3.728,3.987,2.827,3.386,4.172
3.645,3.438,3.235,3.808,3.664,3.347,4.945,3.543,3.521,3.381,3.532,3.657,3.825,3.802,3.579,4.433,4.335,3.894,3.525,2.532,3.459,4.182,3.459,3.899,3.363,3.176,3.57,3.252,3.608,3.527,4.243,3.086,4.142,3.662,3.781,3.508,3.605,3.483,3.641,3.397,3.595,4.717,3.972,3.786,3.446,3.223,3.22,3.441
3.478,3.912,3.368,2.715,3.008,3.763,3.633,3.657,4.317,3.693,4.025,3.292,3.1,3.749,3.6,4.244,3.995,4.292,3.8,3.977,3.133,3.683,3.526,3.28,3.233,3.154,3.701,3.602,3.577,3.305,3.922,3.123,2.768,3.421,3.912,3.661,3.709,4.12,4.526,3.222,3.707,4.836,4.311,3.495,3.421,3.095,2.895,3.788
3.734,3.987,3.77,3.726,3.34,3.421,3.529,3.899,3.97,3.145,3.223,3.914,3.13,3.653,3.686,4.667,3.813,3.663,3.283,3.334,3.455,3.855,3.37,3.631,4.182,3.674,4.07,3.214,3.435,3.794,3.674,3.823,3.886,3.632,3.853,4.211,4.258,3.201,3.872,3.711,3.016,5.236,4.439,2.925,3.527,3.348,3.729,3.266
4.343,2.991,4.013,3.584,3.529,3.951,3.387,3.339,3.429,3.665,3.819,3.226,3.4,3.935,3.513,4.445,3.521,3.974,3.918,3.163,3.48,3.661,3.227,3.716,4.209,3.168,3.6,2.828,4.503,3.743,3.503,3.574,3.553,4.348,3.608,3.633,4.106,3.779,4.247,3.63,3.73,4.842,4.104,3.432,2.772,3.56,3.204,2.825
4.673,4.15,3.293,3.651,3.838,3.292,3.269,4.113,3.475,3.031,3.913,3.347,3.221,3.465,3.514,4.246,3.308,3.737,3.372,3.826,3.955,3.329,3.491,4.184,3.027,3.466,4.27,3.483,3.199,3.971,3.688,4.048,3.806,3.606,3.7,3.734,4.349,4.254,3.996,4.225,3.173,4.093,4.22,3.876,3.637,3.922,3.855,3.594
3.75,3.24,3.555,4.022,2.877,3.179,2.882,3.695,4.084,4.301,3.629,3.764,3.631,3.391,3.199,3.95,3.816,4.794,3.958,3.323,2.894,4.183,3.666,3.184,3.073,3.836,3.193,3.204,3.797,3.414,3.242,3.162,4.001,3.118,3.584,3.578,3.409,3.375,3.258,4.229,3.32,4.965,3.993,3.058,3.763,2.545,3.956,3.555
4.224,4.176,3.488,4.061,3.775,3.415,3.523,3.755,3.641,3.772,3.323,3.641,2.91,3.646,2.875,4.172,3.874,3.956,3.513,3.464,3.308,3.307,3.913,3.295,4.07,3.316,3.288,3.709,4.408,3.655,3.993,4.034,3.913,3.439,3.662,3.669,4.074,3.036,3.898,3.994,3.376,5.292,3.826,3.784,3.846,3.436,3.264,3.269
3.758,3.489,4.119,3.565,3.188,3.689,3.684,3.794,3.669,2.859,3.883,4.203,3.164,4.224,3.359,4.06,3.771,3.727,3.967,3.425,3.29,2.776,3.328,4.124,3.456,4.038,3.378,3.753,3.595,3.863,3.448,3.749,3.028,3.685,3.866,3.876,3.851,3.459,3.877,3.275,4.024,4.197,4.829,3.355,3.915,3.713,4.092,3.81
3.523,3.211,3.624,4.015,3.887,3.641,3.496,4.064,3.748,3.52,3.746,3.318,3.415,3.885,3.239,4.641,4.449,4.596,3.837,3.267,3.012,3.562,3.476,3.283,3.779,3.292,3.792,3.995,4.245,3.793,3.819,3.686,4.057,3.609,3.667,3.732,3.372,3.223,3.3,2.752,3.776,4.558,4.313,3.63,3.59,3.54,4.029,3.05
3.422,3.948,3.43,4.078,4.073,3.835,3.558,4.77,3.482,3.655,4.033,3.121,3.141,4.769,4.058,4.249,3.692,4.347,3.411,3.391,3.505,3.703,3.671,2.749,3.294,3.363,3.874,3.397,3.946,3.962,4.237,3.48,4.301,3.292,3.981,4.004,3.556,3.405,3.849,3.794,3.604,4.812,3.212,3.634,3.169,3.611,3.54,2.98
3.91,3.561,3.726,4.035,3.857,3.759,4.281,3.62,3.776,2.861,3.992,3.452,2.872,3.853,4.133,4.357,4.382,4.293,3.106,2.801,3.042,3.584,3.329,3.977,2.918,3.807,3.378,3.75,4.194,3.332,3.588,3.457,4.322,3.4,3.397,3.629,3.54,3.362,4.017,4.172,3.571,4.953,4.888,3.581,3.092,3.105,4.127,3.35
4.258,4.034,3.179,3.528,3.386,3.742,4.106,4.337,3.897,3.792,3.668,3.62,3.136,3.739,3.757,4.684,3.148,3.367,3.112,3.377,4.171,3.586,3.604,4.078,3.476,3.465,3.637,3.711,4.32,3.925,3.298,3.615,3.895,3.171,4.168,3.482,3.941,3.793,2.553,2.978,2.909,3.82,3.848,3.066,4.262,3.654,3.27,2.916
3.08,3.993,2.9,3.549,2.896,3.614,3.985,4.016,3.764,3.212,3.245,3.648,3.482,4.189,3.609,3.986,4.065,4.381,3.477,2.716,3.228,3.716,3.467,2.795,3.592,3.69,3.191,3.295,3.793,3.627,3.743,3.267,4.01,4.136,3.68,3.527,4.397,3.63,3.529,3.285,4.021,4.604,4.221,3.151,3.808,3.451,3.575,3.231
4.913,3.753,3.29,3.907,4.298,3.771,3.525,3.494,3.216,3.876,3.196,3.082,2.984,4.28,3.906,4.146,4.626,4.383,3.136,3.154,2.814,3.196,3.468,2.928,3.572,4.251,2.714,3.216,3.542,3.719,3.629,4.148,3.47,3.381,3.927,3.329,3.155,3.974,4.494,3.946,2.864,3.712,4.399,2.867,3.598,3.309,3.56,3.429
4.091,3.662,3.057,4.244,3.704,3.696,3.232,4.557,3.508,3.674,3.99,3.762,3.59,4.629,3.729,3.89,4.132,3.966,3.349,2.698,3.304,3.975,3.292,3.337,3.797,3.206,3.617,3.593,3.008,3.419,3.703,3.699,3.295,2.792,3.852,4.098,3.388,3.834,3.991,3.454,3.793,4.605,4.228,3.682,3.685,3.711,2.981,3.415
4.648,3.141,3.591,3.943,3.348,3.286,3.602,3.271,3,3.925,3.915,3.862,3.745,3.706,3.967,5.047,4.576,4.024,4.075,3.86,3.692,3.72,3.371,3.588,3.136,3.298,3.43,3.364,3.132,4.08,4.413,3.595,4.004,3.508,3.96,3.529,3,3.77,4.031,3.489,3.352,4.957,3.964,3.542,2.996,3.383,3.88,3.04
3.926,3.125,3.497,3.609,3.814,3.106,3.785,3.569,4.031,3.524,4.395,3.011,3.202,3.856,3.546,4.183,3.592,4.224,3.338,2.991,3.104,4.129,3.482,3.468,3.655,3.725,3.757,3.099,2.845,3.553,3.465,3.421,3.188,3.602,4.039,3.275,3.489,4.159,3.677,3.502,3.562,4.185,3.979,3.358,3.169,3.779,3.565,2.781
4.483,4.261,3.809,4.13,3.412,3.502,3.695,3.682,3.143,3.135,3.346,3.32,3.037,3.787,3.632,5.304,4.248,4.9,3.871,3.039,3.367,2.641,3.3,3.68,3.065,3.23,3.737,3.732,4.04,3.03,3.416,3.592,3.426,3.9,3.743,3.172,2.907,4.048,3.167,3.801,3.823,4.202,4.011,3.299,3.18,3.621,3.204,3.823
4.702,3.749,3.19,3.922,3.003,3.689,3.96,4.026,3.603,3.06,2.832,3.925,3.434,3.523,3.808,4.144,3.999,3.709,3.791,3.645,2.683,3.266,3.007,3.253,3.122,2.691,3.358,3.49,3.362,3.118,4.141,3.092,3.242,3.584,3.673,3.555,3.772,4.165,3.503,3.644,3.387,4.334,3.834,3.933,3.398,2.674,3.804,4.077
4.929,4.315,4.558,3.829,3.739,4.11,4.083,3.789,3.907,3.531,3.294,3.183,3.215,3.807,2.913,4.4,3.888,4.292,3.57,4.283,3.829,2.944,3.38,2.62,3.611,3.297,3.141,3.431,3.453,3.192,4.414,3.459,3.435,3.633,3.79,3.186,3.389,3.229,3.958,4.217,3.661,4.071,5.014,3.795,3.208,3.18,3.557,3.561
4.379,2.849,3.403,3.62,3.011,3.781,3.428,3.579,4.184,3.285,3.838,3.404,4.083,3.459,3.3,5.173,3.296,4.103,3.311,3.445,3.566,3.511,3.685,3.469,3.11,3.863,3.537,3.737,3.882,3.45,3.689,3.431,3.156,3.703,3.728,3.634,3.472,3.759,3.697,3.97,3.479,5.212,5.06,3.741,3.502,4.26,4.281,3.162
3.71,3.373,3.565,3.747,3.67,3.057,3.645,4.094,2.842,3.99,3.403,4.211,2.595,3.356,3.087,4.498,3.678,3.878,3.785,3.109,3.111,3.558,3.778,4.25,3.411,4.02,4.254,3.231,3.735,3.758,4.003,3.575,3.155,3.729,3.523,3.753,4.109,3.417,4.115,3.167,3.694,4.375,3.808,3.528,3.776,3.327,3.783,3.581
3.995,3.5,3.904,3.222,3.406,3.246,3.65,3.348,2.879,4.02,3.836,3.729,4.138,2.978,3.707,4.53,3.466,4.137,2.949,3.457,3.28,3.728,3.375,3.063,3.84,4.158,3.443,3.135,3.388,4.416,4.009,3.854,3.98,2.807,4.025,3.826,3.083,3.119,3.615,3.838,4.116,3.662,4.105,3.465,2.898,2.948,3.516,3.203
3.423,3.094,3.313,3.802,3.37,3.062,3.699,4.727,3.303,3.744,3.897,3.473,3.483,4.34,3.86,4.585,4.2,4.407,3.37,3.354,2.689,3.202,3.009,3.996,3.175,3.625,3.097,4.059,4.357,3.506,4.191,3.556,3.83,4.155,3.516,3.427,3.579,3.352,3.947,3.414,2.976,4.786,4.385,3.856,3.801,3.486,3.113,3.403
4.046,3.302,3.438,4.33,3.968,4.152,3.998,4.457,3.392,3.63,3.737,3.55,3.259,3.028,3.369,4.836,3.568,4.455,3.755,2.925,3.137,3.363,2.946,2.769,2.939,4.065,3.921,2.957,3.429,4.159,3.652,3.241,3.253,3.145,3.272,3.386,3.403,3.629,3.398,3.559,4.456,4.086,3.937,3.655,3.375,3.629,3.41,3.696
3.648,3.716,3.817,3.742,3.38,3.644,3.722,3.845,3.331,3.589,3.674,3.764,3.137,3.709,4.084,3.812,3.266,4.226,3.979,3.038,3.954,3.271,3.481,3.429,3.496,2.799,3.571,3.397,3.433,2.875,3.749,3.124,3.781,3.325,3.498,3.897,3.792,4.034,3.953,3.553,3.375,4.641,3.805,2.297,3.612,3.563,3.393,3.761
3.719,3.949,3.718,3.633,3.139,3.596,3.943,3.657,4.148,4.036,4.097,4.14,3.071,3.717,3.175,3.695,3.324,4.471,3.464,3.718,3.363,3.315,2.813,3.378,3.282,3.262,3.686,3.659,3.475,3.988,3.902,3.52,3.281,3.583,4.119,3.906,3.266,3.346,2.527,4.033,3.49,4.655,4.268,3.154,3.275,3.991,3.509,3.744
3.56,4.085,3.25,3.592,3.498,3.488,3.497,4.078,3.614,4.047,3.582,3.177,3.528,3.834,2.779,3.702,3.887,4.281,3.2,3.413,3.762,3.885,3.614,3.633,3.808,3.52,3.966,3.285,3.481,3.347,3.343,3.261,3.875,4.42,3.417,3.932,3.511,3.253,3.672,3.764,3.186,3.944,4.335,3.087,3.334,3.027,4.09,3.305
3.794,3.468,3.656,4.576,3.872,3.766,4.026,3.898,2.613,3.817,3.88,3.074,4.024,3.55,3.939,5.148,4.071,4.355,3.636,3.488,3.253,3.095,3.771,3.939,3.585,2.941,3.439,4.104,3.84,3.334,3.773,3.301,3.574,3.76,3.392,4.11,3.614,2.665,3.913,3.534,3.224,4.722,4.299,3.28,3.316,3.648,3.461,3.755
4.46,3.778,3.212,4.001,4.037,4.116,3.677,4.294,3.08,3.862,3.206,4.134,3.106,4.05,3.083,4.067,3.942,4.485,3.617,2.881,3.35,3.374,3.694,3.217,2.956,3.386,3.638,3.157,3.747,3.099,3.859,3.879,3.897,3.618,2.961,3.298,3.823,3.537,3.793,4.595,3.923,3.955,3.914,3.341,4.156,3.898,3.528,3.47
3.858,3.623,3.996,3.845,3.484,3.711,3.127,3.845,3.721,3.489,3.947,3.609,3.864,3.266,4.095,4.379,4.046,3.961,3.376,3.486,3.055,3.245,2.99,4.189,4.485,3.382,3.939,3.171,3.251,4.116,3.758,3.282,3.44,4.143,4.12,3.709,3.188,3.631,3.898,4.148,3.861,3.682,5.393,3.581,3.072,4.126,3.532,3.702
3.669,3.619,3.571,4.162,4.145,3.747,3.861,3.379,4.163,3.269,3.717,3.576,3.456,3.758,3.556,4.465,3.387,4.575,3.715,3.245,3.15,3.144,3.661,3.601,3.724,2.968,3.212,3.258,3.849,3.212,3.3,2.945,3.509,3.645,3.43,3.146,3.476,2.89,3.787,3.987,3.538,4.587,3.968,3.254,3.064,3.444,3.109,3.696
3.904,3.482,3.755,4.189,2.907,3.401,3.762,4.377,3.623,3.273,3.428,3.318,3.481,3.316,3.601,3.887,4.125,4.041,3.765,2.994,3.425,3.335,3.518,3.244,3.39,3.348,3.781,2.99,3.385,3.29,3.597,2.915,3.53,3.664,4.219,3.708,3.868,2.888,4.28,3.846,3.454,4.148,3.977,3.412,3.064,3.693,3.487,3.668
3.523,3.337,3.197,4.076,4.247,4.18,3.794,4.143,3.773,3.479,3.791,3.54,3.746,4.365,3.429,4.254,3.608,3.844,3.526,2.894,3.01,3.543,2.898,3.662,3.67,3.757,4.006,3.23,3.667,3.721,4.222,4.2,3.348,3.884,4,3.663,3.737,3.095,3.584,3.497,3.866,3.646,3.922,3.589,3.112,3.58,3.434,3.045
3.561,3.88,3.435,3.843,4.016,3.519,3.789,4.589,3.395,3.225,3.851,3.765,3.437,4.036,3.454,4.458,3.208,4.568,3.644,3.526,3.232,4.015,3.539,3.099,3.701,3.963,3.443,3.473,3.381,4.405,3.733,4.137,4.337,3.743,3.137,4.038,3.577,3.818,3.745,3.787,4.015,5.195,4.171,3.802,3.101,3.591,3.221,2.603
4.617,3.738,3.164,3.406,3.776,3.283,3.732,4.118,3.694,3.778,3.528,3.822,3.277,3.794,3.589,4.626,4.264,4.425,3.826,3.31,2.956,3.664,3.636,3.799,3.896,4.112,3.39,3.272,3.384,3.938,3.972,3.772,3.725,3.72,2.882,3.739,3.615,3.173,3.864,3.302,3.983,4.509,4.751,3.636,3.394,3.9,3.527,3.737
3.67,4.2,3.796,4.107,3.588,3.411,3.717,3.494,3.9,3.238,4.552,3.723,3.8,3.606,3.536,4.331,3.977,3.214,3.62,3.314,2.904,3.298,3.411,3.396,3.644,3.333,3.78,3.736,3.291,3.839,3.182,3.906,3.416,3.62,3.742,3.168,2.916,3.983,3.628,4.081,3.666,3.952,3.882,3.901,3.665,3.366,3.412,3.56
3.846,3.199,3.859,3.874,3.722,3.836,3.388,3.4,3.645,3.701,3.034,3.795,3.593,3.508,3.847,3.902,4.239,4.023,3.751,3.082,4.084,3.339,3.597,3.24,2.747,3.564,3.888,3.002,3.544,3.591,3.656,3.123,3.669,4.002,3.699,2.964,3.791,3.53,3.488,3.667,4.001,5.779,3.454,3.734,3.533,3.506,3.379,3.574
3.943,3.521,3.064,4.487,3.538,3.234,3.998,3.921,3.373,3.49,3.089,3.119,3.59,3.61,3.659,4.269,3.602,4.351,3.454,3.972,2.333,3.599,3.737,3.323,3.819,3.744,4.06,3.775,3.288,2.931,3.315,3.668,3.839,3.253,3.486,3.544,3.953,3.456,3.746,3.143,3.69,4.481,4.406,4.274,3.387,3.374,3.243,3.25
4.439,3.835,4.127,4.243,3.719,4.121,4.219,4.491,3.327,2.711,4.077,3.474,3.096,4.178,3.531,4.098,3.986,4.155,3.536,3.947,3.156,3.363,3.04,3.331,3.824,4.024,3.38,3.088,3.411,3.829,4.02,3.533,3.126,3.471,3.555,3.562,4.017,3.106,4.19,4.133,3.517,4.127,4.349,3.69,4.169,4.09,3.445,3.399
4.312,3.911,3.933,4.139,3.887,3.843,3.322,4.14,3.281,3.223,3.598,3.337,3.493,3.464,2.999,4.674,3.8,4.151,3.74,3.912,3.453,3.023,3.399,3.811,3.626,3.132,3.082,3.68,3.985,3.833,3.312,3.133,4.124,3.792,3.516,3.745,4.003,3.63,3.838,4.022,3.793,4.575,3.622,3.07,4.064,3.443,4.32,3.232
3.094,3.901,3.367,3.843,3.924,3.455,3.176,3.452,3.629,2.94,4.382,4.18,3.415,4.124,3.329,4.829,4.212,4.688,3.627,3.675,3.82,3.843,3.348,3.778,3.615,4.201,3.567,2.979,3.157,3.472,3.667,3.236,3.802,3.341,3.885,3.944,3.446,3.864,3.278,3.925,3.189,4.091,4.515,3.567,3.134,3.501,3.136,3.837
4.048,3.799,3.186,4.49,3.612,3.111,3.264,3.852,3.782,4.461,4.022,3.21,3.367,4.228,3.748,3.854,3.743,4.195,3.195,3.191,3.28,3.633,2.909,3.555,3.671,3.059,2.665,3.28,3.566,2.892,4.327,3.593,3.397,3.257,3.355,3.87,4.086,3.181,3.394,3.227,3.386,4.109,4.156,3.598,3.678,3.883,3.893,3.064
4.039,3.906,3.547,3.725,3.375,4.016,3.958,4.195,3.291,3.356,3.647,3.428,3.75,4.175,3.32,3.927,3.394,4.376,3.47,4.03,3.875,3.267,3.408,3.695,4.035,3.602,4.117,3.619,4.395,3.477,3.936,4.051,3.497,4.203,3.529,3.61,3.733,4.243,4.04,3.552,4.293,4.254,3.75,3.576,3.589,3.638,3.361,2.93
4.138,3.737,3.679,3.93,3.588,3.112,3.967,4.042,3.375,3.73,3.323,3.553,3.459,3.662,3.387,4.646,4.04,3.797,4.275,3.144,3.259,2.775,3.173,3.491,3.173,3.094,3.335,3.879,4.03,3.499,3.43,4.241,3.931,3.89,4.112,3.782,3.557,3.483,4.25,3.469,3.771,3.83,4.898,4.243,3.386,4.285,3.698,3.129
3.935,3.036,3.944,4.936,4.026,2.891,3.39,4.279,3.65,3.932,3.775,2.896,2.65,4.072,3.294,4.028,4.197,4.258,3.538,3.63,3.156,3.504,3.863,3.627,3.403,3.276,2.833,3.787,3.784,4.069,4.102,3.132,3.94,3.685,3.735,3.528,3.735,3.567,3.207,3.769,3.799,5.623,3.734,3.859,3.205,3.436,3.773,3.883
3.645,3.205,3.629,4.493,3.863,4.365,3.96,4.127,3.635,4.043,4.03,2.981,4.004,3.738,3.627,4.538,3.475,4.079,3.161,3.561,3.475,4.458,3.563,3.823,3.084,3.621,3.435,3.039,3.259,2.917,3.447,4.138,3.66,3.396,4.131,3.891,3.951,3.935,4.138,3.68,3.556,4.893,4.182,2.957,2.89,3.869,3.536,3.457
3.988,4.023,3.275,3.642,4.166,3.541,3.355,4.272,3.396,3.723,3.875,3.975,3.514,4.558,3.57,4.3,4.227,4.263,3.419,3.346,3.185,2.864,3.334,3.568,3.093,3.675,3.704,3.152,3.928,3.07,3.934,3.315,3.773,3.757,3.947,3.82,3.231,4.02,3.861,3.439,4.339,3.983,4.194,3.679,3.508,3.615,3.546,4.183
4.416,3.474,3.823,3.76,3.298,4.075,3.844,4.561,3.927,3.705,3.682,3.653,3.019,4.126,3.484,4.206,3.886,3.781,4.06,3.359,3.35,3.073,3.731,3.697,3.439,3.575,3.86,3.859,3.055,3.581,3.322,4.231,3.475,3.777,3.8,4.196,3.472,3.401,3.836,3.221,3.602,4.503,4.568,3.748,3.964,3.978,4.114,3.213
3.915,3.842,3.987,4.032,3.224,4.111,3.401,3.705,3.458,3.728,3.523,3.857,3.287,3.547,3.319,4.032,3.72,4.122,3.052,3.745,3.417,3.737,3.895,2.994,2.74,4.217,3.478,4.05,3.287,3.965,3.26,3.809,3.388,3.812,3.275,3.898,3.192,3.914,3.69,3.345,3.56,4.193,4.203,3.471,3.439,2.954,4.028,3.698
3.657,3.871,3.757,3.617,3.891,3.161,4.128,3.751,4.268,3.503,3.857,3.622,3.449,4.019,3.563,4.467,4.096,4.113,3.773,2.775,3.156,3.179,3.378,3.345,3.404,3.356,3.258,3.025,3.66,3.556,4.001,3.555,3.713,3.986,3.985,3.99,3.366,3.545,3.25,3.407,3.507,4.526,4.162,3.644,3.546,3.394,4.141,3.826
4.133,3.556,3.582,4.23,3.813,3.556,3.949,3.595,3.573,2.558,3.859,3.557,3.442,3.553,3.506,4.853,4.03,4.708,3.918,3.228,3.564,3.684,4.366,3.287,3.932,4.047,3.335,4.111,3.789,3.137,3.712,3.461,3.506,3.519,3.643,3.472,3.572,3.59,3.354,3.573,3.485,4.943,3.619,4.089,3.554,3.714,3.338,4.111
4.796,3.947,3.665,3.561,3.745,3.808,4.238,4.75,3.593,4.006,3.787,3.703,3.293,3.481,3.887,5.132,4.176,4.099,3.383,3.7,3.366,2.595,3.447,2.989,3.293,3.282,3.775,3.546,3.377,3.28,3.979,3.28,3.341,3.716,3.502,3.426,3.379,3.494,3.107,3.51,3.505,4.374,4.665,3.187,3.228,3.78,3.697,3.315
4.03,3.678,3.411,3.764,3.664,3.649,3.529,3.446,3.42,4.234,3.284,3.202,3.79,3.996,3.72,4.481,3.897,4.487,4.278,3.022,3.378,3.685,3.12,3.285,3.909,4.043,3.775,3.551,3.612,4.053,3.313,3.306,3.466,3.584,3.883,3.794,3.684,4.113,3.717,3.875,3.479,4.526,4.501,3.823,3.626,3.237,3.306,3.717
4.348,3.795,3.382,3.774,3.904,3.786,3.134,4.244,3.558,3.769,4.1,3.895,3.246,3.525,3.33,4.519,3.234,3.562,3.954,3.375,3.233,3.251,3.086,3.58,3.214,3.014,3.356,3.586,3.497,3.525,3.362,3.127,4.091,3.4,3.395,3.245,3.973,3.797,3.846,3.74,3.522,4.662,4.805,3.513,3.714,3.629,3.191,3.604
4.564,3.753,2.876,3.367,3.76,3.176,3.693,3.542,3.833,3.844,3.474,3.264,3.643,4.201,3.839,4.983,3.751,4.142,2.915,3.503,3.341,3.054,2.866,3.475,3.748,3.636,3.823,3.264,3.797,3.562,4.076,3.727,4.085,3.507,3.737,3.51,3.759,3.253,4.461,3.551,3.448,4.195,4.575,3.635,3.541,2.836,3.727,2.693
4.545,3.992,3.268,4.15,3.462,3.572,4.214,3.99,4.251,4.114,3.647,2.966,4.209,3.751,3.268,5.058,3.983,4.009,4.225,3.625,3.069,3.601,3.478,2.785,3.072,4.095,3.949,4.207,4.259,3.42,3.452,3.427,3.518,3.855,3.408,3.576,3.368,4.027,4.51,3.513,3.582,4.666,3.822,3.156,3.606,4.447,3.577,3.702
4.521,3.818,3.513,4.028,3.669,3.727,3.125,3.461,4.026,3.282,2.998,3.247,3.578,3.868,3.568,3.856,3.983,4.254,3.062,3.33,4.047,3.178,3.796,3.311,3.46,3.638,3.516,3.925,3.039,3.59,3.822,3.833,3.875,3.253,4.196,3.958,3.629,4.357,3.032,3.756,3.56,4.83,3.727,3.525,3.147,3.408,3.861,3.211
4.231,3.936,3.617,3.598,4.075,3.88,3.676,4.638,4.209,4.193,3.411,4.098,3.053,4.19,3.373,5.003,3.709,4.279,3.559,3.816,3.24,3.709,3.639,3.154,3.181,3.505,3.327,4.012,3.001,3.843,3.731,2.863,4.291,3.982,3.609,3.477,3.45,3.403,3.807,3.852,3.534,3.664,3.599,4.125,3.927,3.691,3.26,3.931
4.727,3.308,3.969,4.045,3.231,3.281,4.263,4.045,3.263,2.968,3.41,3.274,3.498,3.504,2.793,4.2,3.194,3.85,3.88,4.052,3.141,3.14,3.639,3.784,3.588,3.751,3.823,3.463,3.552,3.516,3.109,3.692,3.58,2.923,3.368,3.334,3.589,3.592,3.895,3.537,3.941,5.115,4.216,3.205,4.105,3.912,3.718,4.246
4.807,4.011,3.539,3.519,3.658,3.33,3.653,4.263,3.683,3.749,3.498,4.222,3.666,4.239,3.36,4.53,3.919,4.636,3.429,3.246,3.87,3.838,3.441,3.103,2.989,3.573,3.453,3.482,3.637,3.444,3.734,3.418,3.573,4.021,3.933,3.774,3.467,3.241,3.373,3.582,3.779,3.784,4.21,3.547,3.984,4.059,3.554,3.736
4.03,4.194,3.212,3.705,3.203,3.958,3.789,3.956,3.402,4.177,3.262,3.23,3.55,3.448,3.634,4.109,3.585,3.518,2.876,2.674,3.132,3.621,3.124,3.365,3.863,4.101,3.607,3.806,3.339,3.985,3.539,3.409,3.397,4.009,2.707,4.165,3.543,3.292,3.291,4.112,3.819,4.749,3.359,3.806,3.994,3.353,3.15,3.602
4.621,3.711,3.123,4.498,3.219,3.784,2.989,3.633,3.371,4.097,3.984,3.649,3.567,3.743,3.578,4.302,3.942,4.16,3.772,3.388,3.358,3.479,3.145,3.91,3.019,3.72,3.854,3.835,3.622,3.635,3.431,3.779,3.51,3.642,3.599,3.149,4.439,3.713,3.416,3.512,3.568,4.733,4.379,2.8,3.357,4.497,3.338,3.522
4.482,3.034,3.551,3.867,3.491,3.631,3.611,3.215,3.743,3.876,3.189,3.514,3.3,4.388,3.789,3.807,3.871,4.37,3.379,3.924,2.992,3.782,3.387,3.73,3.12,3.625,3.546,3.24,4.059,3.912,3.699,3.821,4.145,3.245,3.356,3.452,3.542,3.118,3.776,3.278,4.277,4.72,4.541,3.724,3.611,4.046,3.135,3.172
4.083,4.18,3.068,4.008,3.478,3.498,3.439,4.142,3.585,3.235,3.919,3.727,3.139,3.772,3.25,4.674,4.222,3.959,3.77,4.047,2.726,3.639,4.139,3.289,3.275,3.769,3.311,3.705,3.662,3.357,3.87,3.977,3.67,3.822,3.37,3.757,3.231,3.368,4.251,3.845,3.364,4.414,3.984,3.417,3.941,3.655,2.976,3.256
4.452,3.71,3.152,3.116,3.527,4.094,4.055,4.643,3.488,3.104,3.732,3.725,3.637,3.64,2.989,5.212,3.483,4.27,4.321,3.487,3.569,3.308,3.835,3.404,3.653,3.181,3.86,3.704,3.582,3.499,3.893,3.346,3.376,3.647,3.441,3.472,3.763,3.338,3.304,3.733,3.323,4.768,4.414,4.081,3.336,3.554,3.313,3.201
4.039,2.935,4.088,3.365,3.143,4.129,3.216,3.553,3.716,3.582,3.996,3.757,3.158,4.034,3.081,4.302,4.258,4.139,2.986,3.174,3.729,4.254,3.671,3.463,3.183,3.043,3.838,3.124,3.485,3.697,4.058,4.142,3.545,3.207,3.368,3.815,3.315,3.912,3.367,3.588,3.303,4.607,3.893,3.796,3.027,4.105,3.07,3.46
3.758,3.241,3.053,3.738,4.318,3.458,3.548,3.858,3.208,4.21,3.501,3.581,3.307,3.883,3.329,4.53,3.424,4.234,3.836,3.653,3.366,3.136,3.379,2.92,4.315,3.536,3.584,2.996,2.97,3.389,3.971,3.459,3.832,3.242,4.165,3.844,3.057,3.871,3.641,3.869,3.379,4.68,4.092,3.462,3.552,3.102,3.582,3.528
4.011,3.992,3.049,3.224,3.572,3.546,2.788,4.798,3.438,4.059,3.684,3.651,3.304,3.261,3.722,4.358,3.613,3.785,3.887,4.148,3.429,3.112,3.473,3.895,3.838,3.421,3.467,3.758,3.441,3.593,3.278,3.732,3.544,3.28,3.307,3.12,4.359,3.66,4.109,4.098,3.871,4.594,4.337,3.111,3.248,3.593,3.934,3.114
4.001,4.063,3.9,3.837,3.608,3.9,3.291,3.36,3.217,4.2,3.412,3.691,3.187,3.797,3.425,4.171,4.336,4.056,3.814,4.184,3.11,3.41,3.313,3.581,4.072,3.261,3.224,3.997,2.662,3.647,3.63,3.411,3.636,3.581,3.495,3.893,3.983,3.684,4.041,4.327,3.324,3.448,4.258,3.69,3.626,2.844,3.185,3.779
4.32,3.422,3.642,3.494,3.566,3.627,3.845,3.806,3.847,4.224,3.85,3.016,3.498,3.348,3.722,4.314,3.938,4.578,3.48,2.946,3.642,3.192,3.52,3.875,3.803,3.776,3.486,2.572,4.193,3.28,3.23,4.198,3.415,3.878,3.433,3.235,3.388,3.7,3.722,3.81,3.309,4.432,3.971,4.174,3.15,3.522,3.719,4.058
3.765,3.845,3.78,3.152,3.591,3.901,4.68,4.133,3.537,3.459,2.925,4.125,3.641,3.288,3.6,4.039,3.626,4.194,2.994,2.967,3.552,3.058,3.675,3.55,4.159,3.165,3.166,3.113,3.339,3.681,3.226,3.133,3.985,3.704,3.341,3.611,3.579,3.661,3.456,3.469,3.441,3.538,3.356,3.501,4.129,3.244,3.435,2.671
4.289,3.907,3.575,4.296,3.586,3.018,4.246,3.415,3.744,3.54,2.933,3.955,3.6,4.246,3.551,4.639,3.885,4.093,3.822,3.361,3.02,3.754,3.391,3.466,3.506,3.365,3.43,3.276,3.221,3.649,3.204,3.722,3.633,3.822,3.174,4.41,3.762,4.233,3.754,3.546,3.737,4.328,4.176,3.596,3.751,3.581,2.734,3.771
2.995,3.099,3.255,3.239,3.6,3.111,4.133,4.168,3.978,3.902,2.984,2.922,2.988,4.406,2.974,4.246,4.431,4.975,3.681,3.906,3.306,3.333,3.224,3.38,4.25,3.927,3.248,3.251,3.645,3.602,3.855,3.54,3.545,3.532,3.65,3.487,3.902,3.653,3.611,3.847,3.879,4.536,3.713,3.485,3.816,3.544,3.671,3.601
3.973,2.929,4.144,3.65,3.349,3.794,3.275,3.619,3.703,2.988,3.665,3.582,4.146,3.757,3.463,4.054,3.489,3.388,3.452,3.755,3.61,3.744,3.266,3.454,3.828,3.247,3.384,3.536,3.76,3.121,3.997,3.42,3.543,3.624,3.183,3.881,2.705,3.796,3.818,3.825,3.77,5.055,3.929,3.312,3.834,3.611,3.756,3.691
4.197,3.263,3.883,4.497,3.89,4.028,3.901,3.97,3.751,3.734,3.5,4.171,3.521,4.102,3.608,4.616,4.111,3.652,3.678,3.74,3.136,3.627,3.271,3.281,4.141,4.44,3.495,3.333,3.581,3.642,3.313,3.591,4.211,3.604,3.936,3.943,3.228,3.842,3.257,3.838,3.847,4.595,4.625,3.208,3.268,3.696,3.643,3.254
4.275,3.249,4.009,3.509,3.839,3.125,3.898,3.331,3.808,4.049,3.17,3.731,3.058,3.714,4.096,3.974,3.287,4.798,3.405,3.405,3.924,3.45,3.235,3.405,4.009,3.511,3.144,4.458,3.335,3.966,3.835,3.794,3.779,3.681,3.836,4.078,4.213,3.515,3.635,3.837,3.734,5.375,4.872,3.293,3.701,2.456,3.139,3.522
4.536,3.235,3.989,3.778,3.304,4.317,4.045,3.604,3.39,3.963,3.034,3.47,3.263,3.77,3.66,4.961,3.479,4.338,4.486,2.963,3.209,3.302,3.615,3.629,3.289,3.669,3.167,3.002,3.892,3.522,3.543,3.346,3.614,3.663,3.935,3.608,3.049,3.965,3.691,3.086,3.646,3.927,4.069,3.008,3.528,3.687,3.654,3.762
3.905,3.701,3.758,3.676,4.256,3.826,3.305,4.155,3.629,3.328,3.751,3.627,3.574,3.213,3.958,5.14,3.71,4.448,3.894,3.287,3.14,3.062,3.476,2.619,3.55,3.455,3.334,4.121,2.853,3.717,3.769,3.012,3.868,3.674,3.912,3.603,2.497,3.851,3.726,3.459,3.411,4.634,3.989,3.644,3.332,3.645,3.254,3.655
4.875,3.854,3.869,3.62,3.643,2.878,3.471,4.728,2.958,3.78,4.145,3.609,3.18,4.294,4.02,4.881,4.387,4.627,3.519,3.355,3.882,3.708,4.25,3.373,3.104,3.395,3.475,4.298,4.32,3.388,3.908,3.675,3.643,3.502,3.901,3.535,4.077,3.145,3.376,3.441,3.524,3.796,4.109,3.952,3.853,3.152,3.61,3.766
4.14,3.702,3.936,3.742,3.258,3.156,4.214,3.083,3.455,4.137,3.23,3.838,3.62,3.537,3.416,4.616,3.444,4.405,3.23,3.754,3.099,2.949,3.203,4.325,3.302,3.751,3.748,3.526,3.363,3.437,3.186,3.554,4.09,3.3,3.618,3.557,3.63,3.475,3.432,3.509,4.213,3.657,4.561,3.049,3.397,3.653,3.482,4.004
4.207,3.832,3.435,3.338,3.172,3.173,4.311,3.628,3.81,3.393,3.36,4.029,3.391,4.039,2.888,4.139,3.958,4.255,4.082,3.177,3.814,3.91,3.494,3.543,4.143,3.738,3.98,3.792,3.417,3.567,4.264,4.101,3.487,3.977,3.758,3.257,3.28,3.252,3.104,4.042,4.18,4.788,4.089,3.374,3.144,3.301,3.594,3.569
4.268,3.195,3.624,4.065,3.021,2.926,3.678,4.134,3.496,3.323,3.434,2.901,3.538,3.554,3.611,4.076,4.118,3.858,3.212,3.524,3.737,3.4,3.791,3.504,3.538,3.21,4.064,3.77,4.51,2.885,3.778,3.08,3.694,3.545,4.163,3.705,3.617,3.249,3.738,2.955,3.445,4.325,4.121,4.1,3.579,3.506,3.921,3.407
4.684,4.156,3.91,3.185,3.273,4.161,3.298,4.085,3.531,3.719,3.694,3.823,3.677,3.953,2.693,4.864,3.863,4.098,3.734,3.267,3.75,3.848,4.174,3.343,3.687,3.916,3.771,3.762,3.883,3.814,3.907,3.8,3.796,3.32,3.496,3.754,3.707,3.545,3.293,3.879,3.407,4.731,4.071,3.369,3.059,3.576,3.524,3.685
3.747,3.495,3.754,3.02,3.535,3.329,3.522,4.152,3.516,3.125,3.458,3.648,3.144,3.703,3.591,4.102,3.828,3.441,3.761,3.527,3.289,3.276,3.184,3.542,3.546,3.386,3.5,3.698,3.773,3.49,3.548,3.62,3.766,3.107,3.421,3.991,3.439,3.681,3.727,3.705,3.79,4.541,4.943,3.017,4.229,3.751,2.696,3.304
4.361,3.517,3.419,3.914,4.137,3.662,4.266,3.715,3.571,3.822,4.372,3.649,3.768,3.905,3.351,4.801,3.461,3.806,3.865,3.297,3.726,3.306,3.954,3.359,3.181,3.019,3.836,3.402,3.438,3.506,3.564,3.583,3.75,4.117,3.587,3.755,3.45,3.704,3.563,4.254,3.933,4.432,4.12,3.386,3.981,3.161,2.875,3.71
4.002,3.988,3.584,3.755,3.518,4.16,4.085,4.43,4.104,3.671,3.323,3.418,3.839,3.087,3.444,4.156,3.951,3.518,3.309,3.235,3.222,3.416,2.881,4.548,3.638,3.568,3.293,3.759,3.726,3.703,3.593,3.875,3.133,3.844,3.272,4.095,3.352,3.722,3.387,4.12,4.186,4.506,4.244,3.851,3.489,3.094,3.548,4.347
3.767,4.535,3.749,3.889,4.07,2.906,4.018,4.321,2.837,3.401,2.893,3.316,2.822,3.565,3.544,4.585,4.256,4.65,3.969,3.566,3.043,3.726,3.921,3.578,3.593,4.289,3.815,3.79,3.149,3.16,4.046,4.103,3.149,3.406,3.671,3.84,3.442,3.714,3.392,3.908,2.936,4.28,4.767,3.683,3.409,3.383,4.181,3.241
3.944,3.4,3.618,3.71,3.678,2.959,3.98,3.735,4.289,3.249,3.966,4.32,3.868,3.185,3.896,3.73,3.916,4.75,4.099,3.157,3.109,3.004,3.753,3.504,3.644,3.653,3.141,3.422,3.532,3.714,3.472,3.748,3.816,3.748,3.898,2.333,3.109,3.652,3.179,3.789,3.381,4.671,5.45,3.861,3.107,3.476,3.173,3.817
3.58,3.793,3.768,4.376,3.604,3.835,3.995,4.093,3.157,3.43,4.339,3.352,3.337,3.738,3.123,3.432,3.901,4.31,3.754,3.257,3.84,3.549,3.497,3.024,3.4,3.532,3.67,3.268,3.812,3.966,3.289,3.108,3.08,3.471,3.636,3.324,3.718,3.402,3.695,3.605,3.414,4.188,3.885,2.948,2.946,3.158,3.656,3.657
4.101,3.928,3.682,4.047,2.939,3.347,3.102,4.081,3.713,4.058,4.333,3.502,3.418,4.198,3.959,4.668,3.617,4.45,3.724,3.134,3.262,3.276,2.884,4.042,3.461,3.432,3.302,2.506,3.28,3.872,3.994,3.638,3.371,3.366,2.931,3.13,4.032,3.516,3.73,3.235,3.56,3.798,4.297,3.74,3.021,3.697,3.176,3.866
4.678,3.703,3.109,3.459,3.179,3.26,3.27,4.038,3.601,3.404,3.999,3.986,3.64,4.225,3.421,3.686,4.06,3.443,3.225,3.515,3.881,3.485,3.253,4.095,3.561,4.143,3.107,2.908,4.055,3.562,4.22,3.961,3.766,3.544,3.146,3.594,4.496,3.951,3.57,4.22,3.572,4.355,3.727,4.192,3.439,3.861,3.383,3.706
4.231,3.268,4.264,3.476,3.236,3.687,3.74,4.174,3.77,3.913,4.456,3.575,3.376,3.863,3.453,5.04,3.723,3.79,3.478,3.242,3.444,3.996,3.796,3.504,2.693,3.73,4.236,3.341,3.692,3.558,3.964,3.346,3.549,3.836,3.262,3.802,3.446,3.745,3.326,3.533,3.785,4.642,4.285,3.181,3.705,3.576,3.28,3.728
